Parent,Client
Dr. Enuf,Costa Coffee
Beam Suntory,Evian
Dr. Enuf,Dasani
Coca-Cola,Heineken
Beam Suntory,Gatorade
ToniCol,Tetley's Brewery
Dr. Enuf,Batemans Brewery
Campa Cola,Jones Soda
Campa Cola,Grapette
Pampers,Jif (lemon juice)
Dr. Enuf,Royal Tru
Tizer,Oronamin
Beam Suntory,Culligan
ToniCol,Belvedere Vodka
ToniCol,Wodka Gorbatschow
Coca-Cola,White Horse (whisky)
Tango (drink),Grand Old Parr
Pampers,Finlandia (vodka)
Tizer,Colgate
Coca-Cola,Fanta
Coca-Cola,Pizza Hut
Live+,Head & Shoulders
Tango (drink),Domino's Pizza
Coca-Cola,Ben & Jerry's
Live+,Heineken
Campa Cola,Gatorade
Dr. Enuf,Milo
Live+,Starbucks
Dr. Enuf,Audi
Tango (drink),NIVEA
Live+,Snickers
Tizer,Nescafe
Pampers,KFC(Kentucky Fried Chicken)
Pampers,Levi's Jeans
Live+,Lipton
Pampers,Pampers
Coca-Cola,Coca-Cola
Beam Suntory,Beam Suntory
Live+,Live+
Tango (drink),Tango (drink)
Tizer,Tizer
Dr. Enuf,Dr. Enuf
ToniCol,ToniCol
Campa Cola,Campa Cola
Mezzo Mix,Mezzo Mix
